[
    {
        "name": "Men/Women",
        "sizeList": [
            {
                "key": "0.5 / 2W",
                "value": "0.5 / 2W"
            },
            {
                "key": "1 / 2.5W",
                "value": "1 / 2.5W"
            },
            {
                "key": "1.5 / 3W",
                "value": "1.5 / 3W"
            },
            {
                "key": "2 / 3.5W",
                "value": "2 / 3.5W"
            },
            {
                "key": "2.5 / 4W",
                "value": "2.5 / 4W"
            },
            {
                "key": "3 / 4.5W",
                "value": "3 / 4.5W"
            },
            {
                "key": "3.5 / 5W",
                "value": "3.5 / 5W"
            },
            {
                "key": "4 / 5.5W",
                "value": "4 / 5.5W"
            },
            {
                "key": "4.5 / 6W",
                "value": "4.5 / 6W"
            },
            {
                "key": "5 / 6.5W",
                "value": "5 / 6.5W"
            },
            {
                "key": "5.5 / 7W",
                "value": "5.5 / 7W"
            },
            {
                "key": "6 / 7.5W",
                "value": "6 / 7.5W"
            },
            {
                "key": "6.5 / 8W",
                "value": "6.5 / 8W"
            },
            {
                "key": "7 / 8.5W",
                "value": "7 / 8.5W"
            },
            {
                "key": "7.5 / 9W",
                "value": "7.5 / 9W"
            },
            {
                "key": "8 / 9.5W",
                "value": "8 / 9.5W"
            },
            {
                "key": "8.5 / 10W",
                "value": "8.5 / 10W"
            },
            {
                "key": "9 / 10.5W",
                "value": "9 / 10.5W"
            },
            {
                "key": "9.5 / 11W",
                "value": "9.5 / 11W"
            },
            {
                "key": "10 / 11.5W",
                "value": "10 / 11.5W"
            },
            {
                "key": "10.5 / 12W",
                "value": "10.5 / 12W"
            },
            {
                "key": "11",
                "value": "11"
            },
            {
                "key": "11.5",
                "value": "11.5"
            },
            {
                "key": "12",
                "value": "12"
            },
            {
                "key": "12.5",
                "value": "12.5"
            },
            {
                "key": "13",
                "value": "13"
            },
            {
                "key": "13.5",
                "value": "13.5"
            },
            {
                "key": "14",
                "value": "14"
            },
            {
                "key": "14.5",
                "value": "14.5"
            },
            {
                "key": "15",
                "value": "15"
            },
            {
                "key": "15.5",
                "value": "15.5"
            },
            {
                "key": "16",
                "value": "16"
            },
            {
                "key": "16.5",
                "value": "16.5"
            },
            {
                "key": "17",
                "value": "17"
            },
            {
                "key": "17.5",
                "value": "17.5"
            },
            {
                "key": "18",
                "value": "18"
            },
            {
                "key": "18.5",
                "value": "18.5"
            },
            {
                "key": "19",
                "value": "19"
            },
            {
                "key": "19.5",
                "value": "19.5"
            },
            {
                "key": "20",
                "value": "20"
            }
        ]
    },
    {
        "name": "Toddler",
        "sizeList": [
            {
                "key": "US 2C",
                "value": "US 2C"
            },
            {
                "key": "US 3C",
                "value": "US 3C"
            },
            {
                "key": "US 4C",
                "value": "US 4C"
            },
            {
                "key": "US 5C",
                "value": "US 5C"
            },
            {
                "key": "US 6C",
                "value": "US 6C"
            },
            {
                "key": "US 7C",
                "value": "US 7C"
            },
            {
                "key": "US 8C",
                "value": "US 8C"
            },
            {
                "key": "US 9C",
                "value": "US 9C"
            },
            {
                "key": "US 10C",
                "value": "US 10C"
            }
        ]
    },
    {
        "name": "Pre School",
        "sizeList": [
            {
                "key": "US 10.5C",
                "value": "US 10.5C"
            },
            {
                "key": "US 11C",
                "value": "US 11C"
            },
            {
                "key": "US 11.5C",
                "value": "US 11.5C"
            },
            {
                "key": "US 12C",
                "value": "US 12C"
            },
            {
                "key": "US 12.5C",
                "value": "US 12.5C"
            },
            {
                "key": "US 13C",
                "value": "US 13C"
            },
            {
                "key": "US 13.5C",
                "value": "US 13.5C"
            },
            {
                "key": "US 1Y",
                "value": "US 1Y"
            },
            {
                "key": "US 1.5Y",
                "value": "US 1.5Y"
            },
            {
                "key": "US 2Y",
                "value": "US 2Y"
            },
            {
                "key": "US 2.5Y",
                "value": "US 2.5Y"
            },
            {
                "key": "US 3Y",
                "value": "US 3Y"
            }
        ]
    },
    {
        "name": "Grade School",
        "sizeList": [
            {
                "key": "US 3.5Y",
                "value": "US 3.5Y"
            },
            {
                "key": "US 4Y",
                "value": "US 4Y"
            },
            {
                "key": "US 4.5Y",
                "value": "US 4.5Y"
            },
            {
                "key": "US 5Y",
                "value": "US 5Y"
            },
            {
                "key": "US 5.5Y",
                "value": "US 5.5Y"
            },
            {
                "key": "US 6Y",
                "value": "US 6Y"
            },
            {
                "key": "US 6.5Y",
                "value": "US 6.5Y"
            },
            {
                "key": "US 7Y",
                "value": "US 7Y"
            }
        ]
    }
]